technology,n_obs,beta,se,ci_lower,ci_upper,r2,interpretation,best_country_2015_2023,best_country_efficiency,pubs_per_M_USD_overall_1974_2023,pubs_per_M_USD_recent_2015_2023
Biofuels,807,0.02469643216661346,0.019422529507650128,-0.013434771075657197,0.06282763540888411,0.9671443983708166,diminishing,Slovak Republic,2015.862797245603,7.635608546641138,19.37428513147904
CO2 capture & storage,382,0.021118317328133088,0.014799806135263624,-0.007995545691638808,0.050232180347904984,0.9559282501414826,diminishing,Spain,1265.3442835323178,5.91576667691715,14.064156934752306
Geothermal,634,0.04125235437472667,0.01742470102169709,0.007025657988731261,0.07547905076072209,0.9265661678455583,diminishing,Republic of Türkiye,1055.0777830278498,2.491143783861966,11.666129206353249
Hydro,464,-0.007693085229244107,0.01607049737141108,-0.039287488063103525,0.023901317604615314,0.9594739023093389,diminishing,Netherlands,6721.307113047289,24.176598597990854,37.00853522715645
Hydrogen & fuel cells,476,0.03272136219210853,0.014891191606428609,0.003451015699885804,0.06199170868433125,0.9627637755729617,diminishing,Hungary,1768.9146918005354,3.758196977032262,6.1417577070539275
Nuclear,972,0.04599372005245127,0.016569242729636703,0.013474426776227143,0.07851301332867539,0.9474110482016713,diminishing,Hungary,764.371772740831,0.3763963159660205,1.952062590690268
Ocean,496,-0.0351116752199645,0.016034798686582388,-0.06662991270518268,-0.003593437734746331,0.9457554090949494,diminishing,Austria,54000.0,12.436706939648287,27.396706758987097
Solar,1012,0.05852290277420226,0.01821268820569868,0.022780122741937178,0.09426568280646734,0.957030496731484,diminishing,Hungary,31253.705861953928,9.92567029256247,33.5767524882856
Wind,861,0.04501538117614897,0.017031929056017373,0.011581467377577058,0.07844929497472089,0.9561749117025565,diminishing,Hungary,2886.5531036262746,9.887152394874493,17.032386848538327
