country,total_spending_1974_2023,corr_HHI_pubs_contemp,corr_HHI_pubs_lag3,mean_HHI_1974_2023,cluster,pub_growth_ratio,early_share__Biofuels,recent_share__Biofuels,delta_share__Biofuels,early_share__CO2 capture & storage,recent_share__CO2 capture & storage,delta_share__CO2 capture & storage,early_share__Geothermal,recent_share__Geothermal,delta_share__Geothermal,early_share__Hydro,recent_share__Hydro,delta_share__Hydro,early_share__Hydrogen & fuel cells,recent_share__Hydrogen & fuel cells,delta_share__Hydrogen & fuel cells,early_share__Nuclear,recent_share__Nuclear,delta_share__Nuclear,early_share__Ocean,recent_share__Ocean,delta_share__Ocean,early_share__Solar,recent_share__Solar,delta_share__Solar,early_share__Wind,recent_share__Wind,delta_share__Wind
Australia,4080.761,-0.37066978436133446,-0.4243038785558085,0.40493490931669757,2.0,32.42162162162162,0.07984509565921044,0.03782018660864464,-0.0420249090505658,0.0,0.2010210267996351,0.2010210267996351,0.09302352465175422,0.0027681789254411634,-0.09025534572631305,0.022079648575226863,0.0008068059179677764,-0.021272842657259088,0.00445060979134154,0.4631610794970446,0.45871046970570306,0.42765158083347776,0.07440118424270947,-0.3532503965907683,0.009438760765273682,0.010600919712378327,0.0011621589471046447,0.3114964452921796,0.18685671428289904,-0.12463973100928058,0.05201433443153573,0.022563904013279838,-0.029450430418255895
Austria,1876.448,-0.2697767864077859,-0.5744924714615418,0.36990335876577324,2.0,19.05244122965642,0.4521344952771427,0.2056957219492774,-0.24643877332786532,0.0003458835637817728,0.020158923653438077,0.019813040089656304,0.00521918613316236,0.020140453704045738,0.014921267570883377,0.029307304892143386,0.05021158353137223,0.020904278639228842,0.06715202848055882,0.49719051547576537,0.4300384869952065,0.23832221163012393,0.031113655859694053,-0.20720855577042988,0.0,1.2313299594892442e-05,1.2313299594892442e-05,0.17880774216770573,0.1494321516670155,-0.02937559050069022,0.0287111478553813,0.026044680859796665,-0.002666466995584635
Belgium,7672.833,-0.7394809466144155,-0.5232566178734104,0.7503236411158157,,,,,,,,,,,,,,,,,,,,,,,,,,,,,
Brazil,1970.0059999999999,,,,,,,,,,,,,,,,,,,,,,,,,,,,,,,,
Canada,20904.455,-0.6959528276224038,-0.74356033809057,0.5697272605478054,0.0,17.673137460650576,0.09053181387181246,0.12841679494886665,0.037884981077054194,0.028942948604122814,0.19774478154960262,0.16880183294547982,0.004884183988944436,0.01784854244779812,0.012964358458853683,0.03219743361012013,0.04220246927308297,0.01000503566296284,0.22903166262283275,0.14524649294418943,-0.08378516967864333,0.5313969720726303,0.37691615382744276,-0.1544808182451875,0.00052709041179728,0.01330509387477109,0.01277800346297381,0.057198784674091785,0.06120329282743235,0.004004508153340566,0.025289110143647923,0.017116378306813958,-0.008172731836833966
Chile,115.632,,,,,,,,,,,,,,,,,,,,,,,,,,,,,,,,
Czech Republic,1516.476,-0.2886599630895753,-0.03044857953662576,0.532085686342251,0.0,47.86294416243655,0.03934577997222651,0.10723524993741132,0.0678894699651848,0.0,0.037488360308998894,0.037488360308998894,0.0,0.011704230873833855,0.011704230873833855,0.0,0.008343654709879763,0.008343654709879763,0.023453170806974233,0.15222404401439207,0.12877087320741784,0.7996708326904285,0.6539630183527383,-0.1457078143376902,0.0,0.0,0.0,0.08049169366867252,0.022680512020326157,-0.057811181648346366,0.0570385228616983,0.006360929782419579,-0.050677593079278715
Denmark,2950.152,-0.3091387268986631,-0.3576920476736861,0.3533668637917115,0.0,34.329351535836174,0.15974239412933802,0.1796206158002627,0.01987822167092468,0.0054218446283879704,0.25823511514214587,0.2528132705137579,0.0,0.006023915904855683,0.006023915904855683,0.000491405857557822,0.00018974536172456562,-0.00030166049583325643,0.36731768842684603,0.1907922900800459,-0.17652539834680014,0.09388581911896389,0.0,-0.09388581911896389,0.029053006311835234,0.029272383128508203,0.00021937681667296913,0.07924465459628278,0.03810053574769326,-0.041144118848589525,0.2648431869307882,0.2977653988347637,0.03292221190397554
Estonia,42.532000000000004,0.37670043241218815,0.24549709336256895,0.3861799252341991,,,,,,,,,,,,,,,,,,,,,,,,,,,,,
Finland,2031.118,-0.45168145517091335,-0.4844457367531425,0.39897873865987765,1.0,29.910526315789475,0.45672320768814784,0.27515012675061296,-0.18157308093753488,0.0,0.0,0.0,0.0,0.020550222333042423,0.020550222333042423,0.0837671263978732,0.004714187757137513,-0.07905293864073569,0.0,0.06475449860782112,0.06475449860782112,0.3883208183518202,0.4551152183850725,0.06679440003325232,0.0,0.0,0.0,0.01273514611361319,0.10369914391389268,0.09096399780027949,0.05845370144854546,0.07601660225242074,0.017562900803875278
France,68755.968,-0.6636364387142479,-0.7106683603868115,0.7225415186628963,0.0,18.38026013771997,0.009994746741093458,0.051946155699468505,0.04195140895837505,0.007018697369659838,0.02721400558231731,0.02019530821265747,0.0082764128061756,0.008939404792137404,0.0006629919859618034,3.496039202252922e-05,0.0022642162173714354,0.0022292558253489063,0.09255395783838057,0.09890113467937406,0.006347176840993493,0.844856881661833,0.697990021820693,-0.14686685984114,0.001012624688231504,0.009365500197102519,0.008352875508871014,0.032258015053208806,0.06360049949334384,0.031342484440135036,0.00399370344939468,0.03977906151819196,0.03578535806879728
Germany,60149.762,-0.6405772356332342,-0.6671602710171781,0.5225268155964018,0.0,16.56696195935383,0.03114426495823045,0.07584011653883001,0.044695851580599556,0.005974618210768097,0.05316322155331076,0.047188603342542663,0.033935737301036564,0.030940387451433498,-0.0029953498496030663,0.0002588743470987246,0.001980412000507052,0.0017215376534083272,0.1017819968693014,0.24507719727715863,0.14329520040785723,0.5794303823002566,0.3032234859268834,-0.27620689637337315,0.0,0.0,0.0,0.18753530104733163,0.16265977851803673,-0.024875522529294897,0.059938824965976516,0.12711540073383998,0.06717657576786346
Greece,417.582,-0.28256451634181523,-0.10338912617116665,0.4006676159278097,,,,,,,,,,,,,,,,,,,,,,,,,,,,,
Hungary,246.329,-0.39529379392490904,0.02945922333419599,0.6610379878772783,1.0,29.57281553398058,0.6164311525157157,0.23206950947237917,-0.38436164304333653,0.0,0.017175774497401965,0.017175774497401965,0.0004583238854286776,0.06413700300878444,0.06367867912335577,0.0,0.0,0.0,0.0,0.2731971232593653,0.2731971232593653,0.29498368527783275,0.12348867799958674,-0.17149500727824601,0.0,0.0,0.0,0.05921222968941723,0.2761126706615798,0.21690044097216257,0.028914608631605696,0.013819241100902638,-0.015095367530703058
Ireland,424.744,-0.35884782728835835,0.01618953882887165,0.38546915515917113,1.0,39.79012345679013,0.29645230185097293,0.21049466848392526,-0.08595763336704768,0.0,0.016786258317966804,0.016786258317966804,0.0,0.08216748176060289,0.08216748176060289,0.058732795443758895,0.01010181993105107,-0.04863097551270783,0.0,0.0790908362062054,0.0790908362062054,0.10832937826293307,0.0,-0.10832937826293307,0.1229235880398671,0.3095185600897939,0.1865949720499268,0.09854057902230659,0.06468972981640342,-0.03385084920590317,0.31502135738016135,0.2271506453940511,-0.08787071198611024
Italy,33506.103,-0.6476994482545879,-0.6793496727323763,0.591261922596749,0.0,19.35272727272727,0.01626872985095262,0.08143900710458513,0.0651702772536325,0.0,0.07663410513388776,0.07663410513388776,0.0,0.032990498111480124,0.032990498111480124,0.0,0.0,0.0,0.0,0.11288761996858138,0.11288761996858138,0.6861885562448794,0.5227310874546943,-0.16345746879018508,0.0,0.0,0.0,0.295309616875589,0.16755882263723595,-0.12775079423835303,0.002233097028578854,0.00575885958953533,0.003525762560956476
Japan,144432.335,-0.9571330917091333,-0.9408217715610303,0.7684259110789456,0.0,6.562870080111459,0.012300872600196515,0.05152553469724732,0.039224662097050805,0.0,0.08221031302484486,0.08221031302484486,0.003170306816078812,0.01155959420891284,0.008389287392834028,0.000561617433737817,0.0007755165846474944,0.00021389915090967747,0.07234665587014104,0.1384962927459312,0.06614963687579016,0.867783361275097,0.5948230981887557,-0.27296026308634136,0.0005782229912246183,0.005200545991216133,0.004622322999991514,0.040213722264622234,0.022618920758197346,-0.01759480150642489,0.003045240748901903,0.0927901838002472,0.0897449430513453
Korea,10582.07,-0.6682204224017338,-0.7675960974145796,0.29668688102605756,0.0,36.100603621730386,0.01914677635897828,0.053215705129429386,0.034068928770451104,0.007363065230645445,0.10417094389674679,0.09680787866610134,0.006075074574035294,0.006548339782202649,0.00047326520816735537,0.011680016965300659,0.01005407692043254,-0.001625940044868119,0.15372152893534943,0.231074868317017,0.07735333938166758,0.7104508123229208,0.22891108724880924,-0.4815397250741116,0.0015250058863979768,0.003685500166155468,0.0021604942797574913,0.05347266294407221,0.1892584787034526,0.1357858157593804,0.03656505678229995,0.1730809998357544,0.13651594305345444
Latvia,0.0,,,,,,,,,,,,,,,,,,,,,,,,,,,,,,,,
Lithuania,72.175,,,,,,,,,,,,,,,,,,,,,,,,,,,,,,,,
Luxembourg,13.314,,,,,,,,,,,,,,,,,,,,,,,,,,,,,,,,
Mexico,476.647,-0.47804378828066085,-0.79872929697322,0.28309015063518816,,,,,,,,,,,,,,,,,,,,,,,,,,,,,
Netherlands,8662.56,-0.48213046798877623,-0.5227816178366338,0.38691830667602306,1.0,22.893685051958432,0.23309281297276194,0.08623970705422533,-0.14685310591853662,0.021553412949058482,0.0789426251280689,0.057389212179010426,0.008849754948096403,0.09516563579099155,0.08631588084289514,0.0,2.5613782112093497e-05,2.5613782112093497e-05,0.098097449089857,0.2240684172579972,0.12597096816814018,0.2826609220644315,0.0657202216066482,-0.2169407004577833,0.0012409456284553013,0.0003301331916669829,-0.0009108124367883184,0.21605421119779136,0.17846260387811635,-0.03759160731967501,0.13845049114954788,0.2710450423101734,0.13259455116062552
New Zealand,293.347,-0.23543042749350743,-0.25527599144213337,0.45519516779111235,0.0,16.29032258064516,0.16331356972906594,0.2499858954287085,0.08667232569964256,0.00482097628367488,0.031756442262937425,0.026935465979262545,0.2352636426433341,0.5462171539796048,0.3109535113362707,0.09418892470642413,0.004777923525014457,-0.08941100118140968,0.39143449228643795,0.11558696173429808,-0.27584753055213984,0.0,0.0,0.0,0.0,0.0,0.0,0.08996757233862922,0.05021227379793791,-0.039755298540691306,0.021010822012433802,0.001463349271498893,-0.01954747274093491
Norway,4767.53,-0.41104527472152974,-0.3537182027411887,0.37544141928515984,0.0,31.933609958506224,0.04007926700091802,0.14651550634674898,0.10643623934583096,0.10233210931431397,0.2418703303245344,0.13953822101022043,0.0011298637101899585,0.009012125355598716,0.007882261645408757,0.060399159663865554,0.042925335482669615,-0.01747382418119594,0.25053845067438746,0.19524663226097583,-0.05529181841341163,0.41706976908410426,0.017593386713350395,-0.3994763823707539,0.01050420168067227,0.0006653246906817845,-0.009838876989990485,0.06859508509286068,0.04881471624819397,-0.019780368844666704,0.04935209377868795,0.2973566425772463,0.24800454879855838
Poland,1355.814,0.2128299670714383,0.8770625439392196,0.23756337332356678,,,,,,,,,,,,,,,,,,,,,,,,,,,,,
Portugal,295.856,-0.43115212753304655,-0.25985130991552846,0.4131352030422472,2.0,6.7105263157894735,0.21174864022518153,0.0,-0.21174864022518153,0.0,0.0,0.0,0.018114848137189787,0.0,-0.018114848137189787,0.0,0.0,0.0,0.02313126762133465,0.5830696292911407,0.559938361669806,0.3492914307478645,0.4169303707088593,0.06763893996099479,0.08128457497456955,0.0,-0.08128457497456955,0.2709331004723795,0.0,-0.2709331004723795,0.0454961378214805,0.0,-0.0454961378214805
Republic of Türkiye,659.316,-0.2086645044096778,0.11240988918485668,0.41286322078629983,1.0,59.5748987854251,0.21566909429915251,0.029240776384617834,-0.18642831791453468,0.036659820696326305,0.03635449631136684,-0.0003053243849594628,0.23608083385320647,0.003583959848809739,-0.23249687400439673,0.018610291385993565,0.4405560625492456,0.42194577116325205,0.2215360675157539,0.13391408387821038,-0.0876219836375435,0.08933640817871487,0.020941436470077325,-0.06839497170863754,0.0,0.002625978898674206,0.002625978898674206,0.14453642500157715,0.29534810141590123,0.15081167641432408,0.03757105906927514,0.03743510424309682,-0.00013595482617832083
Slovak Republic,276.935,-0.016649356314763317,-0.18424964749928852,0.4540329733868796,0.0,83.13636363636364,0.03491755577109602,0.04964794746730942,0.014730391696213395,0.0,0.0,0.0,0.01745877788554801,0.261714524302063,0.24425574641651498,0.02618816682832202,0.0,-0.02618816682832202,0.0,0.04099371809227382,0.04099371809227382,0.9214354995150339,0.47811770511092977,-0.4433177944041041,0.0,0.0,0.0,0.0,0.16952610502742405,0.16952610502742405,0.0,0.0,0.0
Spain,8549.296,-0.48532133951101475,-0.6395416990257294,0.37501064721529176,2.0,31.279498525073745,0.09357675674106754,0.1217464105012893,0.028169653760221763,0.0,0.031214318344635415,0.031214318344635415,0.0,0.008604061769904829,0.008604061769904829,0.005946909961074184,0.004726617137697061,-0.001220292823377123,0.0,0.40464116811571615,0.40464116811571615,0.5307713890420768,0.21947004656157426,-0.3113013424805025,0.0,0.030393728553616606,0.030393728553616606,0.2611302998932523,0.09541508333107608,-0.16571521656217625,0.10857464436252931,0.08378856568449038,-0.024786078678038934
Sweden,3347.227,-0.3805070502021532,-0.30901655274836115,0.3750745302085457,1.0,18.569902048085485,0.5116106284664064,0.3692512739476216,-0.1423593545187848,0.0,0.0750382084525477,0.0750382084525477,0.03384984183618151,0.013240276297990019,-0.020609565538191495,0.02726911311542137,0.04695948507376327,0.019690371958341897,0.07668827063757883,0.20879373022238717,0.13210545958480835,0.1655402543063277,0.029010490863890123,-0.13652976344243758,0.003981497884533006,0.06578238540457065,0.06180088752003765,0.08590733419164631,0.13170044573202608,0.045793111540379766,0.09515305956190488,0.060223704005203535,-0.03492935555670135
Switzerland,6636.606,-0.683258492646065,-0.7367335084078006,0.40941269435270233,0.0,17.80388151174668,0.06507577919561487,0.1221718836469007,0.05709610445128582,0.0,0.03973197935473046,0.03973197935473046,0.021160405813946445,0.08741567885279677,0.06625527303885033,0.034098690272105645,0.06790706079189678,0.03380837051979113,0.09397699456562043,0.12861828677821824,0.034641292212597805,0.5153138236615535,0.28784791296589396,-0.22746591069565958,0.0,0.0,0.0,0.259925685227277,0.23264408207123877,-0.027281603156038225,0.010448621263882081,0.033663115538324274,0.023214494274442193
United Kingdom,28553.571,-0.37112571341918726,-0.5000499940542434,0.5716894050180517,1.0,24.01598629745932,0.06869662220086015,0.05295416932780748,-0.01574245287305267,0.05121399184335219,0.04643503475411059,-0.004778957089241594,0.0006725468182258394,0.002487191560182185,0.0018146447419563456,0.002277691891058176,0.00038712023383852273,-0.0018905716572196534,0.06790032676808075,0.07883789340208011,0.010937566633999363,0.4786219784713279,0.6728852671474591,0.19426328867613119,0.05606708968366985,0.02590143911387507,-0.03016565056979478,0.16140406254147371,0.05736409534420788,-0.10403996719726583,0.11314568978195133,0.06274778911643908,-0.05039790066551225
United States,126930.867,-0.6124400450475117,-0.6624282373827582,0.5184171901973432,,,,,,,,,,,,,,,,,,,,,,,,,,,,,
