technology,F_A_2lag,p_A_2lag,F_A_3lag,p_A_3lag,F_A_5lag,p_A_5lag,F_B_2lag,p_B_2lag,F_B_3lag,p_B_3lag,F_B_5lag,p_B_5lag,interpretation_2lag,interpretation_3lag,interpretation_5lag,n_obs,n_countries,year_range
Biofuels,11.904570479844848,8.219097139975909e-06,9.293054313800594,4.996689605499747e-06,7.687754144989863,5.039313487137067e-07,4.035500524887566,0.018084428350441422,16.44570627846156,2.521930066139811e-10,12.8154604132741,7.2099615672271355e-12,bidirectional,bidirectional,bidirectional,711,31,1975–2023
CO2 capture & storage,31.10955741853594,1.4803715362399715e-13,20.39124752094182,1.548671640703757e-12,12.687704548711233,1.3402245976557888e-11,3.4982583486158814,0.030894328866009558,5.149099959895766,0.001617769008108488,3.6061653429689002,0.003265895652311352,bidirectional,bidirectional,bidirectional,579,30,1976–2023
Geothermal,0.4005005845589521,0.6701422792450382,0.247248428972349,0.8633090436732666,4.726173472396981,0.00030514908212534304,0.13718857705554285,0.8718298959007583,2.4371988230030825,0.06359028304367073,7.251202673553491,1.3252609361353027e-06,no causality,no causality,bidirectional,684,29,1975–2023
Hydro,2.033992593966248,0.13153124420358536,1.0940848084848558,0.35084717038869107,5.0714492094742845,0.00014326918221208476,0.8646868947569681,0.4216017391730962,1.4727015892617963,0.22067617011245952,1.2857251936123297,0.2681686705450786,no causality,no causality,spending → pubs,755,31,1975–2023
Hydrogen & fuel cells,31.416026026811437,2.0318193008098218e-13,21.41311573056424,7.913413542820059e-13,14.257573207218593,1.3805080494566032e-12,13.484197316987107,2.1323951204114897e-06,9.23201227667016,6.6067829846970235e-06,6.0255066502452435,2.4168629983788836e-05,bidirectional,bidirectional,bidirectional,411,30,2003–2023
Nuclear,4.16093093375846,0.01588179717106551,3.363241962903677,0.01823390685798695,3.20722852865086,0.0070956041229099836,0.23782047273730003,0.7883917278203165,2.364369122728464,0.0697197648595506,1.777521223212311,0.1149175492524274,spending → pubs,spending → pubs,spending → pubs,940,31,1975–2023
Ocean,3.676400107725043,0.02579035144256001,3.0177628187564784,0.029279700893839345,4.341301202101222,0.0006833374811867892,1.4440079417122194,0.23666264073987775,0.6191097611971187,0.6027875127457353,2.8471054629351427,0.014924920156699335,spending → pubs,spending → pubs,bidirectional,723,30,1975–2023
Solar,1.9671139873977408,0.14044328992368507,1.3980497832385723,0.24199886373089233,1.3326967913352572,0.24809067947035143,6.365392354216201,0.0017962044457998964,7.325808037715945,7.44596011014468e-05,9.173163202951411,1.6501898790815392e-08,pubs → spending,pubs → spending,pubs → spending,929,31,1975–2023
Wind,4.347797369445936,0.013244253004737878,2.84830267656114,0.036684696081206135,2.859910580511525,0.014471793800840599,3.0807537787997674,0.04647332964595181,2.318340826989292,0.0742280498691775,3.0509385030764546,0.00984908762904139,bidirectional,spending → pubs,bidirectional,797,31,1975–2023
